{"us.meta.llama3-1-8b-instruct-v1:0": {"input": 0.00000022, "output": 0.00000022},"us.meta.llama3-1-70b-instruct-v1:0": {"input": 0.00000099, "output": 0.00000099},"us.meta.llama3-2-90b-instruct-v1:0": {"input": 0.000002, "output": 0.000002},"us.meta.llama3-2-11b-instruct-v1:0": {"input": 0.00000035, "output": 0.00000035},"us.meta.llama3-2-3b-instruct-v1:0": {"input": 0.00000015, "output": 0.00000015}}
